
<beans xmlns="http://www.springframework.org/schema/beans"
        xmlns:xsi="http://www.w3.org/2001/XMLSchema-instance" 
        xmlns:aop="http://www.springframework.org/schema/aop"
        xmlns:context="http://www.springframework.org/schema/context"
        xmlns:jee="http://www.springframework.org/schema/jee"
        xmlns:p="http://www.springframework.org/schema/p"        
        xmlns:tx="http://www.springframework.org/schema/tx"
        xmlns:jpa="http://www.springframework.org/schema/data/jpa" 
        xmlns:util="http://www.springframework.org/schema/util"
        xsi:schemaLocation="http://www.springframework.org/schema/beans 
http://www.springframework.org/schema/beans/spring-beans.xsd 
http://www.springframework.org/schema/jee 
http://www.springframework.org/schema/jee/spring-jee.xsd 
http://www.springframework.org/schema/tx
http://www.springframework.org/schema/tx/spring-tx.xsd
http://www.springframework.org/schema/data/jpa 
http://www.springframework.org/schema/data/jpa/spring-jpa.xsd 
http://www.springframework.org/schema/context
http://www.springframework.org/schema/context/spring-context-2.5.xsd
http://www.springframework.org/schema/util 
http://www.springframework.org/schema/util/spring-util.xsd
http://www.springframework.org/schema/aop 
http://www.springframework.org/schema/aop/spring-aop.xsd">

        <context:component-scan base-package="com.vendor.rest"></context:component-scan>
        
        <tx:annotation-driven transaction-manager="transactionManager" />
        
        <bean id="dataSource" class="org.apache.commons.dbcp.BasicDataSource"
                destroy-method="close">
                <property name="driverClassName" value="oracle.jdbc.driver.OracleDriver" />
                <property name="url" value="jdbc:oracle:thin:@localhost:1521:xe" />
                <property name="username" value="admin" />
                <property name="password" value="admin" />
        </bean>        

        <bean id="jpaVendorAdapter"
                class="org.springframework.orm.jpa.vendor.HibernateJpaVendorAdapter">
                <property name="showSql" value="true" />
                <property name="databasePlatform" value="org.hibernate.dialect.Oracle10gDialect" />
                <property name="database" value="ORACLE" />
        </bean>

        <bean id="entityManagerFactory"
                class="org.springframework.orm.jpa.LocalContainerEntityManagerFactoryBean">
                <property name="dataSource" ref="dataSource" />
                <property name="jpaVendorAdapter" ref="jpaVendorAdapter" />
                <property name="packagesToScan" value="com.vendor.rest.entity" />
        </bean>

        <bean id="transactionManager" class="org.springframework.orm.jpa.JpaTransactionManager">
                <property name="entityManagerFactory" ref="entityManagerFactory" />
        </bean>        
        
        
</beans>

